messier_number,canonical_name,slug,canonical_entity_type,target_scope,coordinate_role,requested_identifier,oid,main_id,otype,ra,dec,coo_qual,coo_bibcode
1,Messier 1,messier-1,nebula,object,provider_record_catalogue_anchor,M   1,795871,M   1,SNR,83.6324,22.0174,D,2022A&A...661A..38P
2,Messier 2,messier-2,cluster,object,provider_record_catalogue_anchor,M   2,1361420,M   2,GlC,323.36258333333336,-0.8232499999999998,D,2010AJ....140.1830G
3,Messier 3,messier-3,cluster,object,provider_record_catalogue_anchor,M   3,2194447,M   3,GlC,205.5484166666666,28.37727777777778,D,2010AJ....140.1830G
4,Messier 4,messier-4,cluster,object,provider_record_catalogue_anchor,M   4,2406698,M   4,GlC,245.89675000000003,-26.525750000000002,D,2010AJ....140.1830G
5,Messier 5,messier-5,cluster,object,provider_record_catalogue_anchor,M   5,2648987,M   5,GlC,229.63841666666673,2.081027777777778,D,2010AJ....140.1830G
6,Messier 6,messier-6,cluster,object,provider_record_catalogue_anchor,M   6,2384496,NGC  6405,OpC,265.06916666666666,-32.24194444444445,E,2021A&A...647A..19T
7,Messier 7,messier-7,cluster,object,provider_record_catalogue_anchor,M   7,2369052,NGC  6475,OpC,268.44708333333335,-34.84111111111112,E,2021A&A...647A..19T
8,Messier 8,messier-8,nebula,extended,provider_record_catalogue_anchor,M   8,2516412,M   8,OpC,270.90416666666664,-24.386666666666667,E,
9,Messier 9,messier-9,cluster,object,provider_record_catalogue_anchor,M   9,2546940,M   9,GlC,259.79908333333333,-18.51625,D,2002MNRAS.332..441F
10,Messier 10,messier-10,cluster,object,provider_record_catalogue_anchor,M  10,2623868,M  10,GlC,254.28770833333337,-4.100305555555555,D,2010AJ....140.1830G
11,Messier 11,messier-11,cluster,object,provider_record_catalogue_anchor,M  11,2613692,NGC  6705,OpC,282.7658333333334,-6.271944444444443,E,2021A&A...647A..19T
12,Messier 12,messier-12,cluster,object,provider_record_catalogue_anchor,M  12,2637140,M  12,GlC,251.80908333333338,-1.9485277777777774,D,2010AJ....140.1830G
13,Messier 13,messier-13,cluster,object,provider_record_catalogue_anchor,M  13,2894585,M  13,GlC,250.42347499999994,36.46131944444445,C,2006AJ....131.1163S
14,Messier 14,messier-14,cluster,object,provider_record_catalogue_anchor,M  14,2624973,M  14,GlC,264.40062500000005,-3.245916666666667,D,2006MNRAS.365.1357D
15,Messier 15,messier-15,cluster,object,provider_record_catalogue_anchor,M  15,1444421,M  15,GlC,322.49304166666667,12.166999999999998,D,2010AJ....140.1830G
16,Messier 16,messier-16,nebula,compound,provider_record_catalogue_anchor,M  16,2585552,M  16,OpC,274.688,-13.792,E,2021A&A...647A..19T
17,Messier 17,messier-17,nebula,extended,provider_record_catalogue_anchor,M  17,2566212,NGC  6618,OpC,275.1958333333333,-16.171666666666663,E,2009MNRAS.399.2146W
18,Messier 18,messier-18,cluster,object,provider_record_catalogue_anchor,M  18,2551124,M  18,OpC,274.9875,-17.088333333333335,E,2020A&A...633A..99C
19,Messier 19,messier-19,cluster,object,provider_record_catalogue_anchor,M  19,2490322,M  19,GlC,255.65704166666666,-26.267944444444442,D,2006MNRAS.365.1357D
20,Messier 20,messier-20,nebula,extended,provider_record_catalogue_anchor,M  20,2517890,M  20,OpC,270.675,-22.971666666666664,E,2009MNRAS.399.2146W
21,Messier 21,messier-21,cluster,object,provider_record_catalogue_anchor,M  21,2535882,M  21,OpC,271.0358333333333,-22.505,E,2021A&A...647A..19T
22,Messier 22,messier-22,cluster,object,provider_record_catalogue_anchor,M  22,2522962,M  22,GlC,279.09975000000003,-23.90475,D,2010AJ....140.1830G
23,Messier 23,messier-23,cluster,object,provider_record_catalogue_anchor,M  23,2548469,M  23,OpC,269.2370833333333,-18.98694444444445,E,2021A&A...647A..19T
24,Messier 24,messier-24,sky_region,region,provider_record_catalogue_anchor,M  24,5375405,M  24,As*,274.2,-18.55,E,2004yCat.7239....0C
25,Messier 25,messier-25,cluster,object,provider_record_catalogue_anchor,M  25,2552791,IC 4725,OpC,277.93708333333325,-19.113888888888887,E,2021A&A...647A..19T
26,Messier 26,messier-26,cluster,object,provider_record_catalogue_anchor,M  26,2601047,M  26,OpC,281.31708333333336,-9.386111111111113,E,2021A&A...647A..19T
27,Messier 27,messier-27,nebula,object,provider_record_catalogue_anchor,M  27,2808552,M  27,PN,299.90151327087,22.721197794319995,A,2020yCat.1350....0G
28,Messier 28,messier-28,cluster,object,provider_record_catalogue_anchor,M  28,2520602,M  28,GlC,276.1370416666666,-24.869833333333332,D,2006MNRAS.365.1357D
29,Messier 29,messier-29,cluster,object,provider_record_catalogue_anchor,M  29,2956537,M  29,OpC,305.94166666666666,38.486666666666665,E,2020A&A...633A..99C
30,Messier 30,messier-30,cluster,object,provider_record_catalogue_anchor,M  30,1252437,M  30,GlC,325.0921666666667,-23.17986111111111,D,2010AJ....140.1830G
31,Messier 31,messier-31,galaxy,object,provider_record_catalogue_anchor,M  31,1575544,M  31,AGN,10.684708333333333,41.268750000000004,C,2006AJ....131.1163S
32,Messier 32,messier-32,galaxy,object,provider_record_catalogue_anchor,M  32,1569144,M  32,GiG,10.67427,40.86517,C,2006AJ....131.1163S
33,Messier 33,messier-33,galaxy,object,provider_record_catalogue_anchor,M  33,1522778,M  33,GiG,23.46206906218,30.660175111980003,A,2020yCat.1350....0G
34,Messier 34,messier-34,cluster,object,provider_record_catalogue_anchor,M  34,27611,NGC  1039,OpC,40.53083333333333,42.721944444444446,E,2021A&A...647A..19T
35,Messier 35,messier-35,cluster,object,provider_record_catalogue_anchor,M  35,856514,NGC  2168,OpC,92.27208333333334,24.336111111111105,E,2021A&A...647A..19T
36,Messier 36,messier-36,cluster,object,provider_record_catalogue_anchor,M  36,792981,M  36,OpC,84.08416666666666,34.135,E,2021A&A...647A..19T
37,Messier 37,messier-37,cluster,object,provider_record_catalogue_anchor,M  37,836902,M  37,OpC,88.07416666666667,32.54499999999999,E,2021A&A...647A..19T
38,Messier 38,messier-38,cluster,object,provider_record_catalogue_anchor,M  38,792827,M  38,OpC,82.16708333333332,35.823888888888895,E,2021A&A...647A..19T
39,Messier 39,messier-39,cluster,object,provider_record_catalogue_anchor,M  39,70721,NGC  7092,OpC,322.88916666666654,48.246944444444445,E,2021A&A...647A..19T
40,Messier 40,messier-40,system,system,provider_record_catalogue_anchor,M  40,531482,M  40,?,185.54999999999998,58.083333333333336,E,
41,Messier 41,messier-41,cluster,object,provider_record_catalogue_anchor,M  41,930616,M  41,OpC,101.49916666666667,-20.716111111111108,E,2021A&A...647A..19T
42,Messier 42,messier-42,nebula,object,provider_record_catalogue_anchor,M  42,810146,M  42,HII,83.8201,-5.3876,D,2022A&A...661A..38P
43,Messier 43,messier-43,nebula,object,provider_record_catalogue_anchor,M  43,800918,M  43,HII,83.87916666666666,-5.27,E,
44,Messier 44,messier-44,cluster,object,provider_record_catalogue_anchor,M  44,1110595,NGC  2632,OpC,130.05416666666665,19.62111111111111,E,2021A&A...647A..19T
45,Messier 45,messier-45,cluster,object,provider_record_catalogue_anchor,M  45,675533,Cl Melotte   22,OpC,56.600833333333334,24.11388888888889,E,2021A&A...647A..19T
46,Messier 46,messier-46,cluster,object,provider_record_catalogue_anchor,M  46,1010153,NGC  2437,OpC,115.44500000000002,-14.84388888888889,E,2021A&A...647A..19T
47,Messier 47,messier-47,cluster,object,provider_record_catalogue_anchor,M  47,991735,NGC  2422,OpC,114.14708333333333,-14.488888888888885,E,2021A&A...647A..19T
48,Messier 48,messier-48,cluster,object,provider_record_catalogue_anchor,M  48,1045821,NGC  2548,OpC,123.41208333333333,-5.726111111111112,E,2021A&A...647A..19T
49,Messier 49,messier-49,galaxy,object,provider_record_catalogue_anchor,M  49,1938908,M  49,Sy2,187.4449,8.0004,C,1997A&AS..122..235L
50,Messier 50,messier-50,cluster,object,provider_record_catalogue_anchor,M  50,943830,NGC  2323,OpC,105.68416666666667,-8.365,E,2021A&A...647A..19T
51,Messier 51,messier-51,galaxy,object,provider_record_catalogue_anchor,M  51,587337,M  51,Sy2,202.469575,47.19525833333333,C,2006AJ....131.1163S
52,Messier 52,messier-52,cluster,object,provider_record_catalogue_anchor,M  52,127762,M  52,OpC,351.195,61.589999999999996,E,2021A&A...647A..19T
53,Messier 53,messier-53,cluster,object,provider_record_catalogue_anchor,M  53,2104991,M  53,GlC,198.2302083333333,18.168166666666668,D,2010AJ....140.1830G
54,Messier 54,messier-54,cluster,object,provider_record_catalogue_anchor,M  54,2395133,M  54,GlC,283.763875,-30.47986111111111,D,2010AJ....140.1830G
55,Messier 55,messier-55,cluster,object,provider_record_catalogue_anchor,M  55,2397114,M  55,GlC,294.9987916666667,-30.96475,D,2010AJ....140.1830G
56,Messier 56,messier-56,cluster,object,provider_record_catalogue_anchor,M  56,2846095,M  56,GlC,289.14820833333334,30.183472222222214,D,2010AJ....140.1830G
57,Messier 57,messier-57,nebula,object,provider_record_catalogue_anchor,M  57,2868878,M  57,PN,283.39623652463,33.029134246539996,A,2020yCat.1350....0G
58,Messier 58,messier-58,galaxy,object,provider_record_catalogue_anchor,M  58,1961786,M  58,Sy2,189.43165612500002,11.818090000000002,C,2006AJ....131.1163S
59,Messier 59,messier-59,galaxy,object,provider_record_catalogue_anchor,M  59,1962013,M  59,GiG,190.50940890631998,11.64691930771,A,2020yCat.1350....0G
60,Messier 60,messier-60,galaxy,object,provider_record_catalogue_anchor,M  60,1961356,M  60,GiC,190.91654510497253,11.552691159463055,C,2020yCat.1350....0G
61,Messier 61,messier-61,galaxy,object,provider_record_catalogue_anchor,M  61,1913628,M  61,Sy2,185.47886774286997,4.47377704644,A,2020yCat.1350....0G
62,Messier 62,messier-62,cluster,object,provider_record_catalogue_anchor,M  62,2379975,M  62,GlC,255.30249999999995,-30.112361111111106,D,2006MNRAS.365.1357D
63,Messier 63,messier-63,galaxy,object,provider_record_catalogue_anchor,M  63,2063723,M  63,LIN,198.95530912246997,42.02936891003,A,2020yCat.1350....0G
64,Messier 64,messier-64,galaxy,object,provider_record_catalogue_anchor,M  64,2049151,M  64,SyG,194.18206666666663,21.682658333333332,C,2006AJ....131.1163S
65,Messier 65,messier-65,galaxy,object,provider_record_catalogue_anchor,M  65,1804897,M  65,GiP,169.73295193949,13.092305751019998,C,2020yCat.1350....0G
66,Messier 66,messier-66,galaxy,object,provider_record_catalogue_anchor,M  66,1805061,M  66,AGN,170.0626,12.9915,C,1997A&AS..122..235L
67,Messier 67,messier-67,cluster,object,provider_record_catalogue_anchor,M  67,1136125,NGC  2682,OpC,132.84583333333333,11.81388888888889,E,2021A&A...647A..19T
68,Messier 68,messier-68,cluster,object,provider_record_catalogue_anchor,M  68,1972667,M  68,GlC,189.8665833333333,-26.74405555555555,D,2010AJ....140.1830G
69,Messier 69,messier-69,cluster,object,provider_record_catalogue_anchor,M  69,2393171,M  69,GlC,277.84625,-32.34808333333334,D,2010AJ....140.1830G
70,Messier 70,messier-70,cluster,object,provider_record_catalogue_anchor,M  70,2393969,M  70,GlC,280.80316666666664,-32.292111111111105,D,2010AJ....140.1830G
71,Messier 71,messier-71,cluster,object,provider_record_catalogue_anchor,M  71,2774099,M  71,GlC,298.44370833333335,18.779194444444443,D,2010AJ....140.1830G
72,Messier 72,messier-72,cluster,object,provider_record_catalogue_anchor,M  72,2558019,M  72,GlC,313.36541666666665,-12.537305555555555,D,2010AJ....140.1830G
73,Messier 73,messier-73,sky_region,apparent_group,provider_record_catalogue_anchor,M  73,2557748,NGC  6994,err,314.75,-12.633333333333333,E,
74,Messier 74,messier-74,galaxy,object,provider_record_catalogue_anchor,M  74,1465340,M  74,G,24.173938015259996,15.783640975640001,A,2020yCat.1350....0G
75,Messier 75,messier-75,cluster,object,provider_record_catalogue_anchor,M  75,2526455,M  75,GlC,301.52017083333334,-21.922261111111112,C,2006AJ....131.1163S
76,Messier 76,messier-76,nebula,object,provider_record_catalogue_anchor,M  76,84066,M  76,PN,25.58189905342,51.57542638057,A,2020yCat.1350....0G
77,Messier 77,messier-77,galaxy,object,provider_record_catalogue_anchor,M  77,1378180,M  77,Sy2,40.66962152891999,-0.01329435839,C,2020yCat.1350....0G
78,Messier 78,messier-78,nebula,object,provider_record_catalogue_anchor,M  78,825922,M  78,RNe,86.69083333333333,0.07916666666666666,D,
79,Messier 79,messier-79,cluster,object,provider_record_catalogue_anchor,M  79,789303,M  79,GlC,81.04412500000002,-24.52425,D,2006MNRAS.365.1357D
80,Messier 80,messier-80,cluster,object,provider_record_catalogue_anchor,M  80,2509710,M  80,GlC,244.26004166666672,-22.976083333333328,D,2010AJ....140.1830G
81,Messier 81,messier-81,galaxy,object,provider_record_catalogue_anchor,M  81,434630,M  81,Sy2,148.88821939854,69.06529514038,A,2020yCat.1350....0G
82,Messier 82,messier-82,galaxy,object,provider_record_catalogue_anchor,M  82,433918,M  82,AGN,148.96845833333333,69.67970277777778,C,2006AJ....131.1163S
83,Messier 83,messier-83,galaxy,object,provider_record_catalogue_anchor,M  83,2177129,M  83,SBG,204.25383,-29.865761111111112,C,2006AJ....131.1163S
84,Messier 84,messier-84,galaxy,object,provider_record_catalogue_anchor,M  84,1936425,M  84,Sy2,186.2655972083333,12.886983138888887,A,2009A&A...493..317L
85,Messier 85,messier-85,galaxy,object,provider_record_catalogue_anchor,M  85,1933477,M  85,GiP,186.35022083333328,18.191080555555555,C,2006AJ....131.1163S
86,Messier 86,messier-86,galaxy,object,provider_record_catalogue_anchor,M  86,1934764,M  86,GiG,186.54922499999998,12.945969444444444,C,2006AJ....131.1163S
87,Messier 87,messier-87,galaxy,object,provider_record_catalogue_anchor,M  87,1937204,M  87,AGN,187.70593076725,12.391123246083334,A,2020A&A...644A.159C
88,Messier 88,messier-88,galaxy,object,provider_record_catalogue_anchor,M  88,1934356,M  88,Sy2,187.99646877602,14.420319158839998,C,2020yCat.1350....0G
89,Messier 89,messier-89,galaxy,object,provider_record_catalogue_anchor,M  89,1962096,M  89,Sy2,188.9158638892917,12.556341907138888,A,2020A&A...644A.159C
90,Messier 90,messier-90,galaxy,object,provider_record_catalogue_anchor,M  90,1961913,M  90,Sy2,189.20750409994997,13.162923281399998,A,2020yCat.1350....0G
91,Messier 91,messier-91,galaxy,object,provider_record_catalogue_anchor,M  91,1961128,M  91,LIN,188.86018615054996,14.496322314930001,C,2020yCat.1350....0G
92,Messier 92,messier-92,cluster,object,provider_record_catalogue_anchor,M  92,2946389,M  92,GlC,259.2807916666667,43.13594444444444,D,2010AJ....140.1830G
93,Messier 93,messier-93,cluster,object,provider_record_catalogue_anchor,M  93,1013069,NGC  2447,OpC,116.14083333333332,-23.853055555555557,E,2021A&A...647A..19T
94,Messier 94,messier-94,galaxy,object,provider_record_catalogue_anchor,M  94,1976412,M  94,SyG,192.72114082143,41.12025024573,A,2020yCat.1350....0G
95,Messier 95,messier-95,galaxy,object,provider_record_catalogue_anchor,M  95,1750499,M  95,GiP,160.99054728575,11.703694775369998,C,2020yCat.1350....0G
96,Messier 96,messier-96,galaxy,object,provider_record_catalogue_anchor,M  96,1749772,M  96,GiP,161.6906,11.819938888888887,C,2006AJ....131.1163S
97,Messier 97,messier-97,nebula,object,provider_record_catalogue_anchor,M  97,552802,M  97,PN,168.69880122825,55.01902300891,A,2020yCat.1350....0G
98,Messier 98,messier-98,galaxy,object,provider_record_catalogue_anchor,M  98,1910559,M  98,LIN,183.45121278623998,14.900542632,C,2020yCat.1350....0G
99,Messier 99,messier-99,galaxy,object,provider_record_catalogue_anchor,M  99,1910773,M  99,H2G,184.7067708333333,14.416488888888884,C,2006AJ....131.1163S
100,Messier 100,messier-100,galaxy,object,provider_record_catalogue_anchor,M 100,1934257,M 100,AGN,185.72887499732997,15.822304516100004,A,2020yCat.1350....0G
101,Messier 101,messier-101,galaxy,object,provider_record_catalogue_anchor,M 101,529086,M 101,GiP,210.80242916666668,54.34875,C,2006AJ....131.1163S
102,Messier 102,messier-102,galaxy,object,provider_record_catalogue_anchor,M 102,457084,M 102,SyG,226.62317083333332,55.76330833333333,C,2006AJ....131.1163S
103,Messier 103,messier-103,cluster,object,provider_record_catalogue_anchor,M 103,168578,M 103,OpC,23.339166666666667,60.65888888888889,E,2021A&A...647A..19T
104,Messier 104,messier-104,galaxy,object,provider_record_catalogue_anchor,M 104,1971559,M 104,LIN,189.99763274591663,-11.623054494444448,A,2020A&A...644A.159C
105,Messier 105,messier-105,galaxy,object,provider_record_catalogue_anchor,M 105,1750333,M 105,LIN,161.95666666666665,12.581630555555554,C,2006AJ....131.1163S
106,Messier 106,messier-106,galaxy,object,provider_record_catalogue_anchor,M 106,609478,M 106,Sy2,184.7400833333333,47.30371944444444,C,2006AJ....131.1163S
107,Messier 107,messier-107,cluster,object,provider_record_catalogue_anchor,M 107,2579729,M 107,GlC,248.13275,-13.05377777777778,D,2010AJ....140.1830G
108,Messier 108,messier-108,galaxy,object,provider_record_catalogue_anchor,M 108,534268,M 108,AGN,167.87902916666664,55.67412222222222,C,2006AJ....131.1163S
109,Messier 109,messier-109,galaxy,object,provider_record_catalogue_anchor,M 109,569485,M 109,GiG,179.39984644985,53.37472391176001,A,2020yCat.1350....0G
110,Messier 110,messier-110,galaxy,object,provider_record_catalogue_anchor,M 110,1575545,M 110,GiG,10.09190514583,41.68541867226,A,2020yCat.1350....0G
